[{"day":"2013-01-01","fatalities":14},{"day":"2013-01-02","fatalities":36},{"day":"2013-01-03","fatalities":28},{"day":"2013-01-04","fatalities":20},{"day":"2013-01-05","fatalities":11},{"day":"2013-01-06","fatalities":34},{"day":"2013-01-07","fatalities":7},{"day":"2013-01-08","fatalities":20},{"day":"2013-01-09","fatalities":10},{"day":"2013-01-10","fatalities":11},{"day":"2013-01-11","fatalities":20},{"day":"2013-01-12","fatalities":29},{"day":"2013-01-13","fatalities":19},{"day":"2013-01-14","fatalities":15},{"day":"2013-01-15","fatalities":17},{"day":"2013-01-16","fatalities":13},{"day":"2013-01-17","fatalities":8},{"day":"2013-01-18","fatalities":26},{"day":"2013-01-19","fatalities":11},{"day":"2013-01-20","fatalities":15},{"day":"2013-01-21","fatalities":25},{"day":"2013-01-22","fatalities":11},{"day":"2013-01-23","fatalities":28},{"day":"2013-01-24","fatalities":7},{"day":"2013-01-25","fatalities":27},{"day":"2013-01-26","fatalities":21},{"day":"2013-01-27","fatalities":24},{"day":"2013-01-28","fatalities":32},{"day":"2013-01-29","fatalities":10},{"day":"2013-01-30","fatalities":5},{"day":"2013-01-31","fatalities":21},{"day":"2013-02-01","fatalities":7},{"day":"2013-02-02","fatalities":14},{"day":"2013-02-03","fatalities":20},{"day":"2013-02-04","fatalities":26},{"day":"2013-02-05","fatalities":8},{"day":"2013-02-06","fatalities":19},{"day":"2013-02-07","fatalities":12},{"day":"2013-02-08","fatalities":28},{"day":"2013-02-09","fatalities":22},{"day":"2013-02-10","fatalities":24},{"day":"2013-02-11","fatalities":7},{"day":"2013-02-12","fatalities":10},{"day":"2013-02-13","fatalities":15},{"day":"2013-02-14","fatalities":14},{"day":"2013-02-15","fatalities":10},{"day":"2013-02-16","fatalities":7},{"day":"2013-02-17","fatalities":22},{"day":"2013-02-18","fatalities":6},{"day":"2013-02-19","fatalities":15},{"day":"2013-02-20","fatalities":31},{"day":"2013-02-21","fatalities":4},{"day":"2013-02-22","fatalities":20},{"day":"2013-02-23","fatalities":25},{"day":"2013-02-24","fatalities":23},{"day":"2013-02-25","fatalities":32},{"day":"2013-02-26","fatalities":9},{"day":"2013-02-27","fatalities":11},{"day":"2013-02-28","fatalities":36},{"day":"2013-03-01","fatalities":15},{"day":"2013-03-02","fatalities":19},{"day":"2013-03-03","fatalities":27},{"day":"2013-03-04","fatalities":10},{"day":"2013-03-06","fatalities":18},{"day":"2013-03-07","fatalities":21},{"day":"2013-03-08","fatalities":29},{"day":"2013-03-09","fatalities":18},{"day":"2013-03-10","fatalities":21},{"day":"2013-03-11","fatalities":11},{"day":"2013-03-12","fatalities":11},{"day":"2013-03-13","fatalities":24},{"day":"2013-03-14","fatalities":4},{"day":"2013-03-15","fatalities":24},{"day":"2013-03-16","fatalities":47},{"day":"2013-03-17","fatalities":33},{"day":"2013-03-18","fatalities":17},{"day":"2013-03-19","fatalities":21},{"day":"2013-03-20","fatalities":36},{"day":"2013-03-21","fatalities":19},{"day":"2013-03-22","fatalities":34},{"day":"2013-03-23","fatalities":22},{"day":"2013-03-24","fatalities":28},{"day":"2013-03-25","fatalities":7},{"day":"2013-03-26","fatalities":10},{"day":"2013-03-27","fatalities":13},{"day":"2013-03-28","fatalities":29},{"day":"2013-03-29","fatalities":22},{"day":"2013-03-30","fatalities":48},{"day":"2013-03-31","fatalities":13},{"day":"2013-04-01","fatalities":18},{"day":"2013-04-02","fatalities":19},{"day":"2013-04-03","fatalities":38},{"day":"2013-04-04","fatalities":28},{"day":"2013-04-05","fatalities":22},{"day":"2013-04-06","fatalities":20},{"day":"2013-04-07","fatalities":7},{"day":"2013-04-08","fatalities":24},{"day":"2013-04-09","fatalities":22},{"day":"2013-04-10","fatalities":25},{"day":"2013-04-11","fatalities":10},{"day":"2013-04-12","fatalities":5},{"day":"2013-04-13","fatalities":62},{"day":"2013-04-14","fatalities":29},{"day":"2013-04-16","fatalities":6},{"day":"2013-04-17","fatalities":19},{"day":"2013-04-18","fatalities":15},{"day":"2013-04-19","fatalities":43},{"day":"2013-04-20","fatalities":18},{"day":"2013-04-21","fatalities":10},{"day":"2013-04-22","fatalities":2},{"day":"2013-04-23","fatalities":18},{"day":"2013-04-24","fatalities":16},{"day":"2013-04-25","fatalities":9},{"day":"2013-04-26","fatalities":17},{"day":"2013-04-27","fatalities":18},{"day":"2013-04-28","fatalities":44},{"day":"2013-04-29","fatalities":18},{"day":"2013-04-30","fatalities":3},{"day":"2013-05-01","fatalities":20},{"day":"2013-05-02","fatalities":9},{"day":"2013-05-03","fatalities":24},{"day":"2013-05-04","fatalities":13},{"day":"2013-05-05","fatalities":12},{"day":"2013-05-06","fatalities":10},{"day":"2013-05-07","fatalities":11},{"day":"2013-05-08","fatalities":15},{"day":"2013-05-09","fatalities":19},{"day":"2013-05-10","fatalities":26},{"day":"2013-05-11","fatalities":16},{"day":"2013-05-12","fatalities":24},{"day":"2013-05-13","fatalities":11},{"day":"2013-05-14","fatalities":9},{"day":"2013-05-15","fatalities":13},{"day":"2013-05-16","fatalities":20},{"day":"2013-05-17","fatalities":16},{"day":"2013-05-18","fatalities":36},{"day":"2013-05-19","fatalities":17},{"day":"2013-05-20","fatalities":6},{"day":"2013-05-21","fatalities":9},{"day":"2013-05-22","fatalities":7},{"day":"2013-05-23","fatalities":10},{"day":"2013-05-24","fatalities":14},{"day":"2013-05-25","fatalities":26},{"day":"2013-05-26","fatalities":14},{"day":"2013-05-27","fatalities":13},{"day":"2013-05-28","fatalities":4},{"day":"2013-05-29","fatalities":8},{"day":"2013-05-30","fatalities":18},{"day":"2013-05-31","fatalities":34},{"day":"2013-06-01","fatalities":24},{"day":"2013-06-02","fatalities":16},{"day":"2013-06-03","fatalities":21},{"day":"2013-06-04","fatalities":17},{"day":"2013-06-05","fatalities":7},{"day":"2013-06-06","fatalities":3},{"day":"2013-06-07","fatalities":8},{"day":"2013-06-08","fatalities":21},{"day":"2013-06-09","fatalities":36},{"day":"2013-06-10","fatalities":9},{"day":"2013-06-12","fatalities":9},{"day":"2013-06-13","fatalities":44},{"day":"2013-06-14","fatalities":13},{"day":"2013-06-15","fatalities":18},{"day":"2013-06-16","fatalities":25},{"day":"2013-06-17","fatalities":12},{"day":"2013-06-18","fatalities":13},{"day":"2013-06-19","fatalities":4},{"day":"2013-06-20","fatalities":13},{"day":"2013-06-21","fatalities":11},{"day":"2013-06-22","fatalities":21},{"day":"2013-06-23","fatalities":18},{"day":"2013-06-24","fatalities":2},{"day":"2013-06-25","fatalities":15},{"day":"2013-06-26","fatalities":24},{"day":"2013-06-27","fatalities":14},{"day":"2013-06-28","fatalities":13},{"day":"2013-06-29","fatalities":14},{"day":"2013-06-30","fatalities":27},{"day":"2013-07-01","fatalities":4},{"day":"2013-07-02","fatalities":10},{"day":"2013-07-03","fatalities":7},{"day":"2013-07-04","fatalities":19},{"day":"2013-07-05","fatalities":15},{"day":"2013-07-06","fatalities":11},{"day":"2013-07-07","fatalities":11},{"day":"2013-07-08","fatalities":14},{"day":"2013-07-09","fatalities":3},{"day":"2013-07-10","fatalities":13},{"day":"2013-07-11","fatalities":16},{"day":"2013-07-12","fatalities":13},{"day":"2013-07-13","fatalities":10},{"day":"2013-07-14","fatalities":11},{"day":"2013-07-15","fatalities":14},{"day":"2013-07-16","fatalities":6},{"day":"2013-07-17","fatalities":10},{"day":"2013-07-18","fatalities":20},{"day":"2013-07-19","fatalities":16},{"day":"2013-07-20","fatalities":10},{"day":"2013-07-21","fatalities":6},{"day":"2013-07-22","fatalities":4},{"day":"2013-07-23","fatalities":12},{"day":"2013-07-24","fatalities":13},{"day":"2013-07-25","fatalities":25},{"day":"2013-07-26","fatalities":13},{"day":"2013-07-27","fatalities":5},{"day":"2013-07-28","fatalities":17},{"day":"2013-07-29","fatalities":25},{"day":"2013-07-30","fatalities":12},{"day":"2013-07-31","fatalities":11},{"day":"2013-08-01","fatalities":16},{"day":"2013-08-02","fatalities":5},{"day":"2013-08-03","fatalities":15},{"day":"2013-08-04","fatalities":15},{"day":"2013-08-05","fatalities":14},{"day":"2013-08-06","fatalities":11},{"day":"2013-08-07","fatalities":23},{"day":"2013-08-08","fatalities":22},{"day":"2013-08-09","fatalities":15},{"day":"2013-08-10","fatalities":17},{"day":"2013-08-11","fatalities":28},{"day":"2013-08-12","fatalities":6},{"day":"2013-08-13","fatalities":19},{"day":"2013-08-14","fatalities":9},{"day":"2013-08-15","fatalities":29},{"day":"2013-08-16","fatalities":22},{"day":"2013-08-17","fatalities":23},{"day":"2013-08-18","fatalities":13},{"day":"2013-08-19","fatalities":5},{"day":"2013-08-20","fatalities":13},{"day":"2013-08-21","fatalities":32},{"day":"2013-08-22","fatalities":19},{"day":"2013-08-23","fatalities":11},{"day":"2013-08-24","fatalities":20},{"day":"2013-08-25","fatalities":7},{"day":"2013-08-26","fatalities":6},{"day":"2013-08-27","fatalities":18},{"day":"2013-08-28","fatalities":19},{"day":"2013-08-29","fatalities":17},{"day":"2013-08-30","fatalities":24},{"day":"2013-08-31","fatalities":8},{"day":"2013-09-01","fatalities":49},{"day":"2013-09-02","fatalities":15},{"day":"2013-09-03","fatalities":4},{"day":"2013-09-04","fatalities":1},{"day":"2013-09-05","fatalities":8},{"day":"2013-09-06","fatalities":30},{"day":"2013-09-07","fatalities":16},{"day":"2013-09-08","fatalities":15},{"day":"2013-09-09","fatalities":7},{"day":"2013-09-10","fatalities":7},{"day":"2013-09-11","fatalities":4},{"day":"2013-09-12","fatalities":13},{"day":"2013-09-13","fatalities":16},{"day":"2013-09-14","fatalities":62},{"day":"2013-09-15","fatalities":14},{"day":"2013-09-16","fatalities":9},{"day":"2013-09-17","fatalities":9},{"day":"2013-09-18","fatalities":10},{"day":"2013-09-19","fatalities":10},{"day":"2013-09-20","fatalities":16},{"day":"2013-09-21","fatalities":14},{"day":"2013-09-22","fatalities":4},{"day":"2013-09-23","fatalities":11},{"day":"2013-09-24","fatalities":10},{"day":"2013-09-25","fatalities":27},{"day":"2013-09-26","fatalities":8},{"day":"2013-09-27","fatalities":11},{"day":"2013-09-28","fatalities":16},{"day":"2013-09-29","fatalities":12},{"day":"2013-09-30","fatalities":14},{"day":"2013-10-01","fatalities":11},{"day":"2013-10-02","fatalities":11},{"day":"2013-10-03","fatalities":12},{"day":"2013-10-04","fatalities":18},{"day":"2013-10-05","fatalities":11},{"day":"2013-10-06","fatalities":18},{"day":"2013-10-07","fatalities":27},{"day":"2013-10-08","fatalities":18},{"day":"2013-10-09","fatalities":10},{"day":"2013-10-10","fatalities":10},{"day":"2013-10-11","fatalities":19},{"day":"2013-10-12","fatalities":19},{"day":"2013-10-13","fatalities":9},{"day":"2013-10-14","fatalities":15},{"day":"2013-10-15","fatalities":5},{"day":"2013-10-16","fatalities":19},{"day":"2013-10-17","fatalities":7},{"day":"2013-10-18","fatalities":34},{"day":"2013-10-19","fatalities":12},{"day":"2013-10-20","fatalities":16},{"day":"2013-10-21","fatalities":6},{"day":"2013-10-22","fatalities":16},{"day":"2013-10-23","fatalities":32},{"day":"2013-10-24","fatalities":22},{"day":"2013-10-25","fatalities":13},{"day":"2013-10-26","fatalities":7},{"day":"2013-10-27","fatalities":31},{"day":"2013-10-28","fatalities":18},{"day":"2013-10-29","fatalities":22},{"day":"2013-10-30","fatalities":21},{"day":"2013-10-31","fatalities":41},{"day":"2013-11-01","fatalities":29},{"day":"2013-11-02","fatalities":18},{"day":"2013-11-03","fatalities":10},{"day":"2013-11-04","fatalities":14},{"day":"2013-11-05","fatalities":12},{"day":"2013-11-06","fatalities":24},{"day":"2013-11-07","fatalities":24},{"day":"2013-11-08","fatalities":22},{"day":"2013-11-09","fatalities":10},{"day":"2013-11-10","fatalities":14},{"day":"2013-11-11","fatalities":38},{"day":"2013-11-12","fatalities":23},{"day":"2013-11-13","fatalities":10},{"day":"2013-11-14","fatalities":14},{"day":"2013-11-15","fatalities":23},{"day":"2013-11-16","fatalities":50},{"day":"2013-11-17","fatalities":26},{"day":"2013-11-18","fatalities":9},{"day":"2013-11-19","fatalities":30},{"day":"2013-11-20","fatalities":25},{"day":"2013-11-21","fatalities":16},{"day":"2013-11-22","fatalities":24},{"day":"2013-11-23","fatalities":12},{"day":"2013-11-24","fatalities":9},{"day":"2013-11-25","fatalities":5},{"day":"2013-11-26","fatalities":13},{"day":"2013-11-27","fatalities":18},{"day":"2013-11-28","fatalities":26},{"day":"2013-11-29","fatalities":10},{"day":"2013-11-30","fatalities":35},{"day":"2013-12-01","fatalities":20},{"day":"2013-12-02","fatalities":36},{"day":"2013-12-03","fatalities":8},{"day":"2013-12-04","fatalities":11},{"day":"2013-12-05","fatalities":33},{"day":"2013-12-06","fatalities":43},{"day":"2013-12-07","fatalities":16},{"day":"2013-12-08","fatalities":31},{"day":"2013-12-09","fatalities":6},{"day":"2013-12-10","fatalities":7},{"day":"2013-12-11","fatalities":18},{"day":"2013-12-12","fatalities":19},{"day":"2013-12-13","fatalities":33},{"day":"2013-12-14","fatalities":47},{"day":"2013-12-15","fatalities":22},{"day":"2013-12-16","fatalities":12},{"day":"2013-12-17","fatalities":15},{"day":"2013-12-18","fatalities":37},{"day":"2013-12-19","fatalities":20},{"day":"2013-12-20","fatalities":17},{"day":"2013-12-21","fatalities":47},{"day":"2013-12-22","fatalities":23},{"day":"2013-12-23","fatalities":10},{"day":"2013-12-24","fatalities":22},{"day":"2013-12-25","fatalities":20},{"day":"2013-12-26","fatalities":15},{"day":"2013-12-27","fatalities":9},{"day":"2013-12-28","fatalities":20},{"day":"2013-12-29","fatalities":27},{"day":"2013-12-30","fatalities":10},{"day":"2013-12-31","fatalities":10}]